Airline,Source airport,Destination airport,Source region,Destination region
B6,ABQ,JFK,US-West,US-Northeast
B6,AUA,BOS,Caribbean,US-Northeast
B6,AUA,JFK,Caribbean,US-Northeast
B6,AUS,BOS,US-Texas,US-Northeast
B6,AUS,FLL,US-Texas,US-Southeast
B6,AUS,JFK,US-Texas,US-Northeast
B6,AUS,LGB,US-Texas,US-West
B6,AUS,MCO,US-Texas,US-Southeast
B6,AUS,SFO,US-Texas,US-West
B6,AZS,JFK,Caribbean,US-Northeast
B6,BDA,JFK,Caribbean,US-Northeast
B6,BDL,FLL,US-Northeast,US-Southeast
B6,BDL,MCO,US-Northeast,US-Southeast
B6,BDL,PBI,US-Northeast,US-Southeast
B6,BDL,SJU,US-Northeast,Caribbean
B6,BDL,TPA,US-Northeast,US-Southeast
B6,BGI,JFK,Caribbean,US-Northeast
B6,BOG,FLL,Latin America,US-Southeast
B6,BOG,MCO,Latin America,US-Southeast
B6,BOS,AUA,US-Northeast,Caribbean
B6,BOS,AUS,US-Northeast,US-Texas
B6,BOS,BUF,US-Northeast,US-Northeast
B6,BOS,BWI,US-Northeast,US-Northeast
B6,BOS,CHS,US-Northeast,US-Southeast
B6,BOS,CLT,US-Northeast,US-Southeast
B6,BOS,CUN,US-Northeast,Latin America
B6,BOS,DCA,US-Northeast,US-Northeast
B6,BOS,DEN,US-Northeast,US-West
B6,BOS,DFW,US-Northeast,US-Texas
B6,BOS,DTW,US-Northeast,US-Midwest
B6,BOS,DXB,US-Northeast,Middle East
B6,BOS,EWR,US-Northeast,US-Northeast
B6,BOS,FLL,US-Northeast,US-Southeast
B6,BOS,HOU,US-Northeast,US-Texas
B6,BOS,IAD,US-Northeast,US-Northeast
B6,BOS,JAX,US-Northeast,US-Southeast
B6,BOS,JFK,US-Northeast,US-Northeast
B6,BOS,LAS,US-Northeast,US-West
B6,BOS,LAX,US-Northeast,US-West
B6,BOS,LGB,US-Northeast,US-West
B6,BOS,MCO,US-Northeast,US-Southeast
B6,BOS,MSY,US-Northeast,US-Southeast
B6,BOS,NAS,US-Northeast,Caribbean
B6,BOS,ORD,US-Northeast,US-Midwest
B6,BOS,PBI,US-Northeast,US-Southeast
B6,BOS,PDX,US-Northeast,US-West
B6,BOS,PHL,US-Northeast,US-Northeast
B6,BOS,PHX,US-Northeast,US-West
B6,BOS,PIT,US-Northeast,US-Northeast
B6,BOS,PLS,US-Northeast,Caribbean
B6,BOS,PUJ,US-Northeast,Caribbean
B6,BOS,RDU,US-Northeast,US-Southeast
B6,BOS,RIC,US-Northeast,US-Northeast
B6,BOS,RSW,US-Northeast,US-Southeast
B6,BOS,SAN,US-Northeast,US-West
B6,BOS,SAV,US-Northeast,US-Southeast
B6,BOS,SDQ,US-Northeast,Caribbean
B6,BOS,SEA,US-Northeast,US-West
B6,BOS,SFO,US-Northeast,US-West
B6,BOS,SJC,US-Northeast,US-West
B6,BOS,SJU,US-Northeast,Caribbean
B6,BOS,STI,US-Northeast,Caribbean
B6,BOS,STT,US-Northeast,Caribbean
B6,BOS,SXM,US-Northeast,Caribbean
B6,BOS,TPA,US-Northeast,US-Southeast
B6,BQN,JFK,Caribbean,US-Northeast
B6,BQN,MCO,Caribbean,US-Southeast
B6,BTV,JFK,US-Northeast,US-Northeast
B6,BUF,BOS,US-Northeast,US-Northeast
B6,BUF,JFK,US-Northeast,US-Northeast
B6,BUF,MCO,US-Northeast,US-Southeast
B6,BUR,JFK,US-West,US-Northeast
B6,BWI,BOS,US-Northeast,US-Northeast
B6,CHS,BOS,US-Southeast,US-Northeast
B6,CHS,JFK,US-Southeast,US-Northeast
B6,CLT,BOS,US-Southeast,US-Northeast
B6,CLT,JFK,US-Southeast,US-Northeast
B6,CTG,JFK,Latin America,US-Northeast
B6,CUN,BOS,Latin America,US-Northeast
B6,CUN,FLL,Latin America,US-Southeast
B6,CUN,JFK,Latin America,US-Northeast
B6,CUN,MCO,Latin America,US-Southeast
B6,DCA,BOS,US-Northeast,US-Northeast
B6,DCA,FLL,US-Northeast,US-Southeast
B6,DCA,MCO,US-Northeast,US-Southeast
B6,DCA,SJU,US-Northeast,Caribbean
B6,DCA,TPA,US-Northeast,US-Southeast
B6,DEN,BOS,US-West,US-Northeast
B6,DEN,JFK,US-West,US-Northeast
B6,DFW,BOS,US-Texas,US-Northeast
B6,DFW,DXB,US-Texas,Middle East
B6,DTW,BOS,US-Midwest,US-Northeast
B6,DXB,BOS,Middle East,US-Northeast
B6,DXB,DFW,Middle East,US-Texas
B6,DXB,IAD,Middle East,US-Northeast
B6,DXB,IAH,Middle East,US-Texas
B6,DXB,JFK,Middle East,US-Northeast
B6,DXB,LAX,Middle East,US-West
B6,DXB,MXP,Middle East,Europe
B6,DXB,SEA,Middle East,US-West
B6,DXB,SFO,Middle East,US-West
B6,EWR,BOS,US-Northeast,US-Northeast
B6,EWR,FLL,US-Northeast,US-Southeast
B6,EWR,MCO,US-Northeast,US-Southeast
B6,EWR,PBI,US-Northeast,US-Southeast
B6,EWR,RSW,US-Northeast,US-Southeast
B6,EWR,SJU,US-Northeast,Caribbean
B6,EWR,STI,US-Northeast,Caribbean
B6,EWR,TPA,US-Northeast,US-Southeast
B6,FLL,AUS,US-Southeast,US-Texas
B6,FLL,BDL,US-Southeast,US-Northeast
B6,FLL,BOG,US-Southeast,Latin America
B6,FLL,BOS,US-Southeast,US-Northeast
B6,FLL,CUN,US-Southeast,Latin America
B6,FLL,DCA,US-Southeast,US-Northeast
B6,FLL,EWR,US-Southeast,US-Northeast
B6,FLL,HPN,US-Southeast,US-Northeast
B6,FLL,JFK,US-Southeast,US-Northeast
B6,FLL,KIN,US-Southeast,Caribbean
B6,FLL,LAX,US-Southeast,US-West
B6,FLL,LGA,US-Southeast,US-Northeast
B6,FLL,LIM,US-Southeast,Latin America
B6,FLL,MBJ,US-Southeast,Caribbean
B6,FLL,MDE,US-Southeast,Latin America
B6,FLL,NAS,US-Southeast,Caribbean
B6,FLL,ORH,US-Southeast,US-Northeast
B6,FLL,PAP,US-Southeast,Caribbean
B6,FLL,POS,US-Southeast,Caribbean
B6,FLL,PUJ,US-Southeast,Caribbean
B6,FLL,PVD,US-Southeast,US-Northeast
B6,FLL,RDU,US-Southeast,US-Southeast
B6,FLL,RIC,US-Southeast,US-Northeast
B6,FLL,SDQ,US-Southeast,Caribbean
B6,FLL,SFO,US-Southeast,US-West
B6,FLL,SJO,US-Southeast,Latin America
B6,FLL,SJU,US-Southeast,Caribbean
B6,FLL,SWF,US-Southeast,US-Northeast
B6,GCM,JFK,Caribbean,US-Northeast
B6,HOU,BOS,US-Texas,US-Northeast
B6,HOU,JFK,US-Texas,US-Northeast
B6,HPN,FLL,US-Northeast,US-Southeast
B6,HPN,MCO,US-Northeast,US-Southeast
B6,HPN,PBI,US-Northeast,US-Southeast
B6,HPN,RSW,US-Northeast,US-Southeast
B6,HPN,TPA,US-Northeast,US-Southeast
B6,IAD,BOS,US-Northeast,US-Northeast
B6,IAD,DXB,US-Northeast,Middle East
B6,IAD,JFK,US-Northeast,US-Northeast
B6,IAD,LGB,US-Northeast,US-West
B6,IAH,DXB,US-Texas,Middle East
B6,JAX,BOS,US-Southeast,US-Northeast
B6,JAX,JFK,US-Southeast,US-Northeast
B6,JAX,SJU,US-Southeast,Caribbean
B6,JFK,ABQ,US-Northeast,US-West
B6,JFK,AUA,US-Northeast,Caribbean
B6,JFK,AUS,US-Northeast,US-Texas
B6,JFK,AZS,US-Northeast,Caribbean
B6,JFK,BDA,US-Northeast,Caribbean
B6,JFK,BGI,US-Northeast,Caribbean
B6,JFK,BOS,US-Northeast,US-Northeast
B6,JFK,BQN,US-Northeast,Caribbean
B6,JFK,BTV,US-Northeast,US-Northeast
B6,JFK,BUF,US-Northeast,US-Northeast
B6,JFK,BUR,US-Northeast,US-West
B6,JFK,CHS,US-Northeast,US-Southeast
B6,JFK,CLT,US-Northeast,US-Southeast
B6,JFK,CTG,US-Northeast,Latin America
B6,JFK,CUN,US-Northeast,Latin America
B6,JFK,DEN,US-Northeast,US-West
B6,JFK,DXB,US-Northeast,Middle East
B6,JFK,FLL,US-Northeast,US-Southeast
B6,JFK,GCM,US-Northeast,Caribbean
B6,JFK,HOU,US-Northeast,US-Texas
B6,JFK,IAD,US-Northeast,US-Northeast
B6,JFK,JAX,US-Northeast,US-Southeast
B6,JFK,JNB,US-Northeast,Africa
B6,JFK,KIN,US-Northeast,Caribbean
B6,JFK,LAS,US-Northeast,US-West
B6,JFK,LAX,US-Northeast,US-West
B6,JFK,LGB,US-Northeast,US-West
B6,JFK,LIR,US-Northeast,Latin America
B6,JFK,LRM,US-Northeast,Caribbean
B6,JFK,MBJ,US-Northeast,Caribbean
B6,JFK,MCO,US-Northeast,US-Southeast
B6,JFK,MSY,US-Northeast,US-Southeast
B6,JFK,MXP,US-Northeast,Europe
B6,JFK,NAS,US-Northeast,Caribbean
B6,JFK,OAK,US-Northeast,US-West
B6,JFK,ORD,US-Northeast,US-Midwest
B6,JFK,PAP,US-Northeast,Caribbean
B6,JFK,PBI,US-Northeast,US-Southeast
B6,JFK,PDX,US-Northeast,US-West
B6,JFK,PHX,US-Northeast,US-West
B6,JFK,PLS,US-Northeast,Caribbean
B6,JFK,POP,US-Northeast,Caribbean
B6,JFK,POS,US-Northeast,Caribbean
B6,JFK,PSE,US-Northeast,Caribbean
B6,JFK,PUJ,US-Northeast,Caribbean
B6,JFK,PWM,US-Northeast,US-Northeast
B6,JFK,RDU,US-Northeast,US-Southeast
B6,JFK,ROC,US-Northeast,US-Northeast
B6,JFK,RSW,US-Northeast,US-Southeast
B6,JFK,SAN,US-Northeast,US-West
B6,JFK,SAV,US-Northeast,US-Southeast
B6,JFK,SDQ,US-Northeast,Caribbean
B6,JFK,SEA,US-Northeast,US-West
B6,JFK,SFO,US-Northeast,US-West
B6,JFK,SJC,US-Northeast,US-West
B6,JFK,SJU,US-Northeast,Caribbean
B6,JFK,SLC,US-Northeast,US-West
B6,JFK,SMF,US-Northeast,US-West
B6,JFK,SRQ,US-Northeast,US-Northeast
B6,JFK,STI,US-Northeast,Caribbean
B6,JFK,SXM,US-Northeast,Caribbean
B6,JFK,SYR,US-Northeast,US-Northeast
B6,JFK,TPA,US-Northeast,US-Southeast
B6,JFK,UVF,US-Northeast,Caribbean
B6,JNB,JFK,Africa,US-Northeast
B6,KIN,FLL,Caribbean,US-Southeast
B6,KIN,JFK,Caribbean,US-Northeast
B6,LAS,BOS,US-West,US-Northeast
B6,LAS,JFK,US-West,US-Northeast
B6,LAS,LGB,US-West,US-West
B6,LAX,BOS,US-West,US-Northeast
B6,LAX,DXB,US-West,Middle East
B6,LAX,FLL,US-West,US-Southeast
B6,LAX,JFK,US-West,US-Northeast
B6,LGA,FLL,US-Northeast,US-Southeast
B6,LGA,MCO,US-Northeast,US-Southeast
B6,LGA,PBI,US-Northeast,US-Southeast
B6,LGA,RSW,US-Northeast,US-Southeast
B6,LGA,SRQ,US-Northeast,US-Northeast
B6,LGA,TPA,US-Northeast,US-Southeast
B6,LGB,AUS,US-West,US-Texas
B6,LGB,BOS,US-West,US-Northeast
B6,LGB,IAD,US-West,US-Northeast
B6,LGB,JFK,US-West,US-Northeast
B6,LGB,LAS,US-West,US-West
B6,LGB,OAK,US-West,US-West
B6,LGB,PDX,US-West,US-West
B6,LGB,SEA,US-West,US-West
B6,LGB,SFO,US-West,US-West
B6,LGB,SLC,US-West,US-West
B6,LGB,SMF,US-West,US-West
B6,LIM,FLL,Latin America,US-Southeast
B6,LIR,JFK,Latin America,US-Northeast
B6,LRM,JFK,Caribbean,US-Northeast
B6,MBJ,FLL,Caribbean,US-Southeast
B6,MBJ,JFK,Caribbean,US-Northeast
B6,MBJ,MCO,Caribbean,US-Southeast
B6,MCO,AUS,US-Southeast,US-Texas
B6,MCO,BDL,US-Southeast,US-Northeast
B6,MCO,BOG,US-Southeast,Latin America
B6,MCO,BOS,US-Southeast,US-Northeast
B6,MCO,BQN,US-Southeast,Caribbean
B6,MCO,BUF,US-Southeast,US-Northeast
B6,MCO,CUN,US-Southeast,Latin America
B6,MCO,DCA,US-Southeast,US-Northeast
B6,MCO,EWR,US-Southeast,US-Northeast
B6,MCO,HPN,US-Southeast,US-Northeast
B6,MCO,JFK,US-Southeast,US-Northeast
B6,MCO,LGA,US-Southeast,US-Northeast
B6,MCO,MBJ,US-Southeast,Caribbean
B6,MCO,NAS,US-Southeast,Caribbean
B6,MCO,ORH,US-Southeast,US-Northeast
B6,MCO,PSE,US-Southeast,Caribbean
B6,MCO,PVD,US-Southeast,US-Northeast
B6,MCO,RIC,US-Southeast,US-Northeast
B6,MCO,SDQ,US-Southeast,Caribbean
B6,MCO,SJO,US-Southeast,Latin America
B6,MCO,SJU,US-Southeast,Caribbean
B6,MCO,SWF,US-Southeast,US-Northeast
B6,MCO,SYR,US-Southeast,US-Northeast
B6,MDE,FLL,Latin America,US-Southeast
B6,MSY,BOS,US-Southeast,US-Northeast
B6,MSY,JFK,US-Southeast,US-Northeast
B6,MXP,DXB,Europe,Middle East
B6,MXP,JFK,Europe,US-Northeast
B6,NAS,BOS,Caribbean,US-Northeast
B6,NAS,FLL,Caribbean,US-Southeast
B6,NAS,JFK,Caribbean,US-Northeast
B6,NAS,MCO,Caribbean,US-Southeast
B6,OAK,JFK,US-West,US-Northeast
B6,OAK,LGB,US-West,US-West
B6,ORD,BOS,US-Midwest,US-Northeast
B6,ORD,JFK,US-Midwest,US-Northeast
B6,ORD,SJU,US-Midwest,Caribbean
B6,ORH,FLL,US-Northeast,US-Southeast
B6,ORH,MCO,US-Northeast,US-Southeast
B6,PAP,FLL,Caribbean,US-Southeast
B6,PAP,JFK,Caribbean,US-Northeast
B6,PBI,BDL,US-Southeast,US-Northeast
B6,PBI,BOS,US-Southeast,US-Northeast
B6,PBI,EWR,US-Southeast,US-Northeast
B6,PBI,HPN,US-Southeast,US-Northeast
B6,PBI,JFK,US-Southeast,US-Northeast
B6,PBI,LGA,US-Southeast,US-Northeast
B6,PBI,SJU,US-Southeast,Caribbean
B6,PDX,BOS,US-West,US-Northeast
B6,PDX,JFK,US-West,US-Northeast
B6,PDX,LGB,US-West,US-West
B6,PHL,BOS,US-Northeast,US-Northeast
B6,PHX,BOS,US-West,US-Northeast
B6,PHX,JFK,US-West,US-Northeast
B6,PIT,BOS,US-Northeast,US-Northeast
B6,PLS,BOS,Caribbean,US-Northeast
B6,PLS,JFK,Caribbean,US-Northeast
B6,POP,JFK,Caribbean,US-Northeast
B6,POS,FLL,Caribbean,US-Southeast
B6,POS,JFK,Caribbean,US-Northeast
B6,PSE,JFK,Caribbean,US-Northeast
B6,PSE,MCO,Caribbean,US-Southeast
B6,PUJ,BOS,Caribbean,US-Northeast
B6,PUJ,FLL,Caribbean,US-Southeast
B6,PUJ,JFK,Caribbean,US-Northeast
B6,PUJ,SJU,Caribbean,Caribbean
B6,PVD,FLL,US-Northeast,US-Southeast
B6,PVD,MCO,US-Northeast,US-Southeast
B6,PWM,JFK,US-Northeast,US-Northeast
B6,RDU,BOS,US-Southeast,US-Northeast
B6,RDU,FLL,US-Southeast,US-Southeast
B6,RDU,JFK,US-Southeast,US-Northeast
B6,RIC,BOS,US-Northeast,US-Northeast
B6,RIC,FLL,US-Northeast,US-Southeast
B6,RIC,MCO,US-Northeast,US-Southeast
B6,ROC,JFK,US-Northeast,US-Northeast
B6,RSW,BOS,US-Southeast,US-Northeast
B6,RSW,EWR,US-Southeast,US-Northeast
B6,RSW,HPN,US-Southeast,US-Northeast
B6,RSW,JFK,US-Southeast,US-Northeast
B6,RSW,LGA,US-Southeast,US-Northeast
B6,SAN,BOS,US-West,US-Northeast
B6,SAN,JFK,US-West,US-Northeast
B6,SAV,BOS,US-Southeast,US-Northeast
B6,SAV,JFK,US-Southeast,US-Northeast
B6,SDQ,BOS,Caribbean,US-Northeast
B6,SDQ,FLL,Caribbean,US-Southeast
B6,SDQ,JFK,Caribbean,US-Northeast
B6,SDQ,MCO,Caribbean,US-Southeast
B6,SDQ,SJU,Caribbean,Caribbean
B6,SEA,BOS,US-West,US-Northeast
B6,SEA,DXB,US-West,Middle East
B6,SEA,JFK,US-West,US-Northeast
B6,SEA,LGB,US-West,US-West
B6,SFO,AUS,US-West,US-Texas
B6,SFO,BOS,US-West,US-Northeast
B6,SFO,DXB,US-West,Middle East
B6,SFO,FLL,US-West,US-Southeast
B6,SFO,JFK,US-West,US-Northeast
B6,SFO,LGB,US-West,US-West
B6,SJC,BOS,US-West,US-Northeast
B6,SJC,JFK,US-West,US-Northeast
B6,SJO,FLL,Latin America,US-Southeast
B6,SJO,MCO,Latin America,US-Southeast
B6,SJU,BDL,Caribbean,US-Northeast
B6,SJU,BOS,Caribbean,US-Northeast
B6,SJU,DCA,Caribbean,US-Northeast
B6,SJU,EWR,Caribbean,US-Northeast
B6,SJU,FLL,Caribbean,US-Southeast
B6,SJU,JAX,Caribbean,US-Southeast
B6,SJU,JFK,Caribbean,US-Northeast
B6,SJU,MCO,Caribbean,US-Southeast
B6,SJU,ORD,Caribbean,US-Midwest
B6,SJU,PBI,Caribbean,US-Southeast
B6,SJU,PUJ,Caribbean,Caribbean
B6,SJU,SDQ,Caribbean,Caribbean
B6,SJU,STI,Caribbean,Caribbean
B6,SJU,STT,Caribbean,Caribbean
B6,SJU,STX,Caribbean,Caribbean
B6,SJU,SXM,Caribbean,Caribbean
B6,SJU,TPA,Caribbean,US-Southeast
B6,SLC,JFK,US-West,US-Northeast
B6,SLC,LGB,US-West,US-West
B6,SMF,JFK,US-West,US-Northeast
B6,SMF,LGB,US-West,US-West
B6,SRQ,JFK,US-Northeast,US-Northeast
B6,SRQ,LGA,US-Northeast,US-Northeast
B6,STI,BOS,Caribbean,US-Northeast
B6,STI,EWR,Caribbean,US-Northeast
B6,STI,JFK,Caribbean,US-Northeast
B6,STI,SJU,Caribbean,Caribbean
B6,STT,SJU,Caribbean,Caribbean
B6,STX,SJU,Caribbean,Caribbean
B6,SWF,FLL,US-Northeast,US-Southeast
B6,SWF,MCO,US-Northeast,US-Southeast
B6,SXM,BOS,Caribbean,US-Northeast
B6,SXM,JFK,Caribbean,US-Northeast
B6,SXM,SJU,Caribbean,Caribbean
B6,SYR,JFK,US-Northeast,US-Northeast
B6,SYR,MCO,US-Northeast,US-Southeast
B6,TPA,BDL,US-Southeast,US-Northeast
B6,TPA,BOS,US-Southeast,US-Northeast
B6,TPA,DCA,US-Southeast,US-Northeast
B6,TPA,EWR,US-Southeast,US-Northeast
B6,TPA,HPN,US-Southeast,US-Northeast
B6,TPA,JFK,US-Southeast,US-Northeast
B6,TPA,LGA,US-Southeast,US-Northeast
B6,TPA,SJU,US-Southeast,Caribbean
B6,UVF,JFK,Caribbean,US-Northeast
WN,ABQ,BWI,US-West,US-Northeast
WN,ABQ,DAL,US-West,US-Texas
WN,ABQ,DEN,US-West,US-West
WN,ABQ,HOU,US-West,US-Texas
WN,ABQ,LAS,US-West,US-West
WN,ABQ,LAX,US-West,US-West
WN,ABQ,MCI,US-West,US-Midwest
WN,ABQ,MDW,US-West,US-Midwest
WN,ABQ,OAK,US-West,US-West
WN,ABQ,PDX,US-West,US-West
WN,ABQ,PHX,US-West,US-West
WN,ABQ,SAN,US-West,US-West
WN,ABQ,SEA,US-West,US-West
WN,ALB,BWI,US-Northeast,US-Northeast
WN,ALB,FLL,US-Northeast,US-Southeast
WN,ALB,LAS,US-Northeast,US-West
WN,ALB,MCO,US-Northeast,US-Southeast
WN,ALB,MDW,US-Northeast,US-Midwest
WN,ALB,TPA,US-Northeast,US-Southeast
WN,AMA,DAL,US-Texas,US-Texas
WN,AMA,DEN,US-Texas,US-West
WN,AMA,LAS,US-Texas,US-West
WN,ATL,AUA,US-Southeast,Caribbean
WN,ATL,AUS,US-Southeast,US-Texas
WN,ATL,BDL,US-Southeast,US-Northeast
WN,ATL,BOS,US-Southeast,US-Northeast
WN,ATL,BWI,US-Southeast,US-Northeast
WN,ATL,CAK,US-Southeast,US-Northeast
WN,ATL,CHS,US-Southeast,US-Southeast
WN,ATL,CMH,US-Southeast,US-Midwest
WN,ATL,CUN,US-Southeast,Latin America
WN,ATL,DAY,US-Southeast,US-Midwest
WN,ATL,DCA,US-Southeast,US-Northeast
WN,ATL,DEN,US-Southeast,US-West
WN,ATL,DTW,US-Southeast,US-Midwest
WN,ATL,FLL,US-Southeast,US-Southeast
WN,ATL,HOU,US-Southeast,US-Texas
WN,ATL,IND,US-Southeast,US-Midwest
WN,ATL,JAX,US-Southeast,US-Southeast
WN,ATL,LAS,US-Southeast,US-West
WN,ATL,LAX,US-Southeast,US-West
WN,ATL,LGA,US-Southeast,US-Northeast
WN,ATL,MBJ,US-Southeast,Caribbean
WN,ATL,MCI,US-Southeast,US-Midwest
WN,ATL,MCO,US-Southeast,US-Southeast
WN,ATL,MDW,US-Southeast,US-Midwest
WN,ATL,MKE,US-Southeast,US-Midwest
WN,ATL,MSP,US-Southeast,US-Midwest
WN,ATL,MSY,US-Southeast,US-Southeast
WN,ATL,NAS,US-Southeast,Caribbean
WN,ATL,OKC,US-Southeast,US-Midwest
WN,ATL,ORF,US-Southeast,US-Northeast
WN,ATL,PBI,US-Southeast,US-Southeast
WN,ATL,PHL,US-Southeast,US-Northeast
WN,ATL,PHX,US-Southeast,US-West
WN,ATL,PIT,US-Southeast,US-Northeast
WN,ATL,PUJ,US-Southeast,Caribbean
WN,ATL,RDU,US-Southeast,US-Southeast
WN,ATL,RIC,US-Southeast,US-Northeast
WN,ATL,RSW,US-Southeast,US-Southeast
WN,ATL,SAN,US-Southeast,US-West
WN,ATL,SAT,US-Southeast,US-Texas
WN,ATL,SDF,US-Southeast,US-Southeast
WN,ATL,SFO,US-Southeast,US-West
WN,ATL,SJU,US-Southeast,Caribbean
WN,ATL,STL,US-Southeast,US-Midwest
WN,ATL,TPA,US-Southeast,US-Southeast
WN,AUA,ATL,Caribbean,US-Southeast
WN,AUS,ATL,US-Texas,US-Southeast
WN,AUS,BNA,US-Texas,US-Southeast
WN,AUS,BWI,US-Texas,US-Northeast
WN,AUS,DAL,US-Texas,US-Texas
WN,AUS,DCA,US-Texas,US-Northeast
WN,AUS,DEN,US-Texas,US-West
WN,AUS,ELP,US-Texas,US-Texas
WN,AUS,EWR,US-Texas,US-Northeast
WN,AUS,FLL,US-Texas,US-Southeast
WN,AUS,HOU,US-Texas,US-Texas
WN,AUS,HRL,US-Texas,US-Texas
WN,AUS,LAS,US-Texas,US-West
WN,AUS,LAX,US-Texas,US-West
WN,AUS,LBB,US-Texas,US-Texas
WN,AUS,MCO,US-Texas,US-Southeast
WN,AUS,MDW,US-Texas,US-Midwest
WN,AUS,MSY,US-Texas,US-Southeast
WN,AUS,OAK,US-Texas,US-West
WN,AUS,PHX,US-Texas,US-West
WN,AUS,SAN,US-Texas,US-West
WN,AUS,SJC,US-Texas,US-West
WN,AUS,TPA,US-Texas,US-Southeast
WN,BDL,ATL,US-Northeast,US-Southeast
WN,BDL,BWI,US-Northeast,US-Northeast
WN,BDL,DEN,US-Northeast,US-West
WN,BDL,FLL,US-Northeast,US-Southeast
WN,BDL,LAS,US-Northeast,US-West
WN,BDL,MCO,US-Northeast,US-Southeast
WN,BDL,MDW,US-Northeast,US-Midwest
WN,BDL,RSW,US-Northeast,US-Southeast
WN,BDL,TPA,US-Northeast,US-Southeast
WN,BHM,BWI,US-Southeast,US-Northeast
WN,BHM,DAL,US-Southeast,US-Texas
WN,BHM,HOU,US-Southeast,US-Texas
WN,BHM,LAS,US-Southeast,US-West
WN,BHM,MCO,US-Southeast,US-Southeast
WN,BHM,MDW,US-Southeast,US-Midwest
WN,BHM,TPA,US-Southeast,US-Southeast
WN,BKG,DAL,US-Midwest,US-Texas
WN,BKG,HOU,US-Midwest,US-Texas
WN,BKG,MDW,US-Midwest,US-Midwest
WN,BNA,AUS,US-Southeast,US-Texas
WN,BNA,BOS,US-Southeast,US-Northeast
WN,BNA,BWI,US-Southeast,US-Northeast
WN,BNA,CHS,US-Southeast,US-Southeast
WN,BNA,CLE,US-Southeast,US-Midwest
WN,BNA,CMH,US-Southeast,US-Midwest
WN,BNA,DEN,US-Southeast,US-West
WN,BNA,DTW,US-Southeast,US-Midwest
WN,BNA,ECP,US-Southeast,US-Southeast
WN,BNA,EWR,US-Southeast,US-Northeast
WN,BNA,FLL,US-Southeast,US-Southeast
WN,BNA,GSP,US-Southeast,US-Southeast
WN,BNA,HOU,US-Southeast,US-Texas
WN,BNA,JAX,US-Southeast,US-Southeast
WN,BNA,LAS,US-Southeast,US-West
WN,BNA,LAX,US-Southeast,US-West
WN,BNA,LGA,US-Southeast,US-Northeast
WN,BNA,MCI,US-Southeast,US-Midwest
WN,BNA,MCO,US-Southeast,US-Southeast
WN,BNA,MDW,US-Southeast,US-Midwest
WN,BNA,MSY,US-Southeast,US-Southeast
WN,BNA,PHL,US-Southeast,US-Northeast
WN,BNA,PHX,US-Southeast,US-West
WN,BNA,PIT,US-Southeast,US-Northeast
WN,BNA,PNS,US-Southeast,US-Southeast
WN,BNA,RDU,US-Southeast,US-Southeast
WN,BNA,SAN,US-Southeast,US-West
WN,BNA,SAT,US-Southeast,US-Texas
WN,BNA,STL,US-Southeast,US-Midwest
WN,BNA,TPA,US-Southeast,US-Southeast
WN,BOI,DEN,US-West,US-West
WN,BOI,GEG,US-West,US-West
WN,BOI,LAS,US-West,US-West
WN,BOI,OAK,US-West,US-West
WN,BOI,PHX,US-West,US-West
WN,BOS,ATL,US-Northeast,US-Southeast
WN,BOS,BNA,US-Northeast,US-Southeast
WN,BOS,BWI,US-Northeast,US-Northeast
WN,BOS,CAK,US-Northeast,US-Northeast
WN,BOS,DEN,US-Northeast,US-West
WN,BOS,HOU,US-Northeast,US-Texas
WN,BOS,MCI,US-Northeast,US-Midwest
WN,BOS,MCO,US-Northeast,US-Southeast
WN,BOS,MDW,US-Northeast,US-Midwest
WN,BOS,MKE,US-Northeast,US-Midwest
WN,BOS,STL,US-Northeast,US-Midwest
WN,BUF,BWI,US-Northeast,US-Northeast
WN,BUF,FLL,US-Northeast,US-Southeast
WN,BUF,LAS,US-Northeast,US-West
WN,BUF,MCO,US-Northeast,US-Southeast
WN,BUF,MDW,US-Northeast,US-Midwest
WN,BUF,PHX,US-Northeast,US-West
WN,BUF,TPA,US-Northeast,US-Southeast
WN,BUR,DEN,US-West,US-West
WN,BUR,LAS,US-West,US-West
WN,BUR,OAK,US-West,US-West
WN,BUR,PHX,US-West,US-West
WN,BUR,SJC,US-West,US-West
WN,BUR,SMF,US-West,US-West
WN,BWI,ABQ,US-Northeast,US-West
WN,BWI,ALB,US-Northeast,US-Northeast
WN,BWI,ATL,US-Northeast,US-Southeast
WN,BWI,AUS,US-Northeast,US-Texas
WN,BWI,BDL,US-Northeast,US-Northeast
WN,BWI,BHM,US-Northeast,US-Southeast
WN,BWI,BNA,US-Northeast,US-Southeast
WN,BWI,BOS,US-Northeast,US-Northeast
WN,BWI,BUF,US-Northeast,US-Northeast
WN,BWI,CHS,US-Northeast,US-Southeast
WN,BWI,CLE,US-Northeast,US-Midwest
WN,BWI,CLT,US-Northeast,US-Southeast
WN,BWI,CMH,US-Northeast,US-Midwest
WN,BWI,DAY,US-Northeast,US-Midwest
WN,BWI,DEN,US-Northeast,US-West
WN,BWI,DTW,US-Northeast,US-Midwest
WN,BWI,ECP,US-Northeast,US-Southeast
WN,BWI,FLL,US-Northeast,US-Southeast
WN,BWI,FNT,US-Northeast,US-Midwest
WN,BWI,GRR,US-Northeast,US-Midwest
WN,BWI,GSP,US-Northeast,US-Southeast
WN,BWI,HOU,US-Northeast,US-Texas
WN,BWI,IND,US-Northeast,US-Midwest
WN,BWI,ISP,US-Northeast,US-Northeast
WN,BWI,JAX,US-Northeast,US-Southeast
WN,BWI,LAS,US-Northeast,US-West
WN,BWI,LAX,US-Northeast,US-West
WN,BWI,LIT,US-Northeast,US-Midwest
WN,BWI,MCI,US-Northeast,US-Midwest
WN,BWI,MCO,US-Northeast,US-Southeast
WN,BWI,MDW,US-Northeast,US-Midwest
WN,BWI,MEM,US-Northeast,US-Southeast
WN,BWI,MHT,US-Northeast,US-Northeast
WN,BWI,MKE,US-Northeast,US-Midwest
WN,BWI,MSY,US-Northeast,US-Southeast
WN,BWI,OKC,US-Northeast,US-Midwest
WN,BWI,ORF,US-Northeast,US-Northeast
WN,BWI,PBI,US-Northeast,US-Southeast
WN,BWI,PHX,US-Northeast,US-West
WN,BWI,PIT,US-Northeast,US-Northeast
WN,BWI,PVD,US-Northeast,US-Northeast
WN,BWI,PWM,US-Northeast,US-Northeast
WN,BWI,RDU,US-Northeast,US-Southeast
WN,BWI,ROC,US-Northeast,US-Northeast
WN,BWI,RSW,US-Northeast,US-Southeast
WN,BWI,SAN,US-Northeast,US-West
WN,BWI,SAT,US-Northeast,US-Texas
WN,BWI,SDF,US-Northeast,US-Southeast
WN,BWI,SEA,US-Northeast,US-West
WN,BWI,SJU,US-Northeast,Caribbean
WN,BWI,SLC,US-Northeast,US-West
WN,BWI,STL,US-Northeast,US-Midwest
WN,BWI,TPA,US-Northeast,US-Southeast
WN,CAK,ATL,US-Northeast,US-Southeast
WN,CAK,BOS,US-Northeast,US-Northeast
WN,CAK,DEN,US-Northeast,US-West
WN,CAK,LGA,US-Northeast,US-Northeast
WN,CAK,MCO,US-Northeast,US-Southeast
WN,CAK,TPA,US-Northeast,US-Southeast
WN,CHS,BNA,US-Southeast,US-Southeast
WN,CHS,BWI,US-Southeast,US-Northeast
WN,CHS,HOU,US-Southeast,US-Texas
WN,CHS,MDW,US-Southeast,US-Midwest
WN,CLE,BNA,US-Midwest,US-Southeast
WN,CLE,BWI,US-Midwest,US-Northeast
WN,CLE,LAS,US-Midwest,US-West
WN,CLE,MDW,US-Midwest,US-Midwest
WN,CLT,BWI,US-Southeast,US-Northeast
WN,CLT,HOU,US-Southeast,US-Texas
WN,CLT,MCO,US-Southeast,US-Southeast
WN,CLT,MDW,US-Southeast,US-Midwest
WN,CMH,ATL,US-Midwest,US-Southeast
WN,CMH,BNA,US-Midwest,US-Southeast
WN,CMH,BWI,US-Midwest,US-Northeast
WN,CMH,DEN,US-Midwest,US-West
WN,CMH,FLL,US-Midwest,US-Southeast
WN,CMH,LAS,US-Midwest,US-West
WN,CMH,MCO,US-Midwest,US-Southeast
WN,CMH,MDW,US-Midwest,US-Midwest
WN,CMH,PHX,US-Midwest,US-West
WN,CMH,RSW,US-Midwest,US-Southeast
WN,CMH,STL,US-Midwest,US-Midwest
WN,CMH,TPA,US-Midwest,US-Southeast
WN,CRP,HOU,US-Texas,US-Texas
WN,CUN,ATL,Latin America,US-Southeast
WN,DAL,ABQ,US-Texas,US-West
WN,DAL,AMA,US-Texas,US-Texas
WN,DAL,AUS,US-Texas,US-Texas
WN,DAL,BHM,US-Texas,US-Southeast
WN,DAL,BKG,US-Texas,US-Midwest
WN,DAL,ELP,US-Texas,US-Texas
WN,DAL,HOU,US-Texas,US-Texas
WN,DAL,HRL,US-Texas,US-Texas
WN,DAL,ICT,US-Texas,US-Midwest
WN,DAL,LBB,US-Texas,US-Texas
WN,DAL,LIT,US-Texas,US-Midwest
WN,DAL,MAF,US-Texas,US-Texas
WN,DAL,MCI,US-Texas,US-Midwest
WN,DAL,MSY,US-Texas,US-Southeast
WN,DAL,OKC,US-Texas,US-Midwest
WN,DAL,SAT,US-Texas,US-Texas
WN,DAL,STL,US-Texas,US-Midwest
WN,DAL,TUL,US-Texas,US-Midwest
WN,DAY,ATL,US-Midwest,US-Southeast
WN,DAY,BWI,US-Midwest,US-Northeast
WN,DAY,DEN,US-Midwest,US-West
WN,DAY,MCO,US-Midwest,US-Southeast
WN,DAY,TPA,US-Midwest,US-Southeast
WN,DCA,ATL,US-Northeast,US-Southeast
WN,DCA,AUS,US-Northeast,US-Texas
WN,DCA,HOU,US-Northeast,US-Texas
WN,DCA,MCI,US-Northeast,US-Midwest
WN,DCA,MKE,US-Northeast,US-Midwest
WN,DCA,RSW,US-Northeast,US-Southeast
WN,DCA,STL,US-Northeast,US-Midwest
WN,DEN,ABQ,US-West,US-West
WN,DEN,AMA,US-West,US-Texas
WN,DEN,ATL,US-West,US-Southeast
WN,DEN,AUS,US-West,US-Texas
WN,DEN,BDL,US-West,US-Northeast
WN,DEN,BNA,US-West,US-Southeast
WN,DEN,BOI,US-West,US-West
WN,DEN,BOS,US-West,US-Northeast
WN,DEN,BUR,US-West,US-West
WN,DEN,BWI,US-West,US-Northeast
WN,DEN,CAK,US-West,US-Northeast
WN,DEN,CMH,US-West,US-Midwest
WN,DEN,DAY,US-West,US-Midwest
WN,DEN,DTW,US-West,US-Midwest
WN,DEN,EWR,US-West,US-Northeast
WN,DEN,FLL,US-West,US-Southeast
WN,DEN,GEG,US-West,US-West
WN,DEN,GRR,US-West,US-Midwest
WN,DEN,HOU,US-West,US-Texas
WN,DEN,IAD,US-West,US-Northeast
WN,DEN,IND,US-West,US-Midwest
WN,DEN,JAX,US-West,US-Southeast
WN,DEN,LAS,US-West,US-West
WN,DEN,LAX,US-West,US-West
WN,DEN,LGA,US-West,US-Northeast
WN,DEN,MCI,US-West,US-Midwest
WN,DEN,MCO,US-West,US-Southeast
WN,DEN,MDW,US-West,US-Midwest
WN,DEN,MKE,US-West,US-Midwest
WN,DEN,MSP,US-West,US-Midwest
WN,DEN,MSY,US-West,US-Southeast
WN,DEN,OAK,US-West,US-West
WN,DEN,OKC,US-West,US-Midwest
WN,DEN,OMA,US-West,US-Midwest
WN,DEN,ONT,US-West,US-West
WN,DEN,PDX,US-West,US-West
WN,DEN,PHL,US-West,US-Northeast
WN,DEN,PHX,US-West,US-West
WN,DEN,PIT,US-West,US-Northeast
WN,DEN,RDU,US-West,US-Southeast
WN,DEN,RNO,US-West,US-West
WN,DEN,SAN,US-West,US-West
WN,DEN,SAT,US-West,US-Texas
WN,DEN,SDF,US-West,US-Southeast
WN,DEN,SEA,US-West,US-West
WN,DEN,SFO,US-West,US-West
WN,DEN,SJC,US-West,US-West
WN,DEN,SLC,US-West,US-West
WN,DEN,SMF,US-West,US-West
WN,DEN,SNA,US-West,US-West
WN,DEN,STL,US-West,US-Midwest
WN,DEN,TPA,US-West,US-Southeast
WN,DEN,TUL,US-West,US-Midwest
WN,DEN,TUS,US-West,US-West
WN,DFW,RSW,US-Texas,US-Southeast
WN,DSM,LAS,US-Midwest,US-West
WN,DSM,MDW,US-Midwest,US-Midwest
WN,DTW,ATL,US-Midwest,US-Southeast
WN,DTW,BNA,US-Midwest,US-Southeast
WN,DTW,BWI,US-Midwest,US-Northeast
WN,DTW,DEN,US-Midwest,US-West
WN,DTW,LAS,US-Midwest,US-West
WN,DTW,MDW,US-Midwest,US-Midwest
WN,DTW,PHX,US-Midwest,US-West
WN,DTW,STL,US-Midwest,US-Midwest
WN,ECP,BNA,US-Southeast,US-Southeast
WN,ECP,BWI,US-Southeast,US-Northeast
WN,ECP,HOU,US-Southeast,US-Texas
WN,ECP,STL,US-Southeast,US-Midwest
WN,ELP,AUS,US-Texas,US-Texas
WN,ELP,DAL,US-Texas,US-Texas
WN,ELP,HOU,US-Texas,US-Texas
WN,ELP,LAS,US-Texas,US-West
WN,ELP,LAX,US-Texas,US-West
WN,ELP,PHX,US-Texas,US-West
WN,ELP,SAT,US-Texas,US-Texas
WN,EWR,AUS,US-Northeast,US-Texas
WN,EWR,BNA,US-Northeast,US-Southeast
WN,EWR,DEN,US-Northeast,US-West
WN,EWR,HOU,US-Northeast,US-Texas
WN,EWR,MDW,US-Northeast,US-Midwest
WN,EWR,MSY,US-Northeast,US-Southeast
WN,EWR,PHX,US-Northeast,US-West
WN,EWR,STL,US-Northeast,US-Midwest
WN,EYW,MCO,US-Southeast,US-Southeast
WN,EYW,MSY,US-Southeast,US-Southeast
WN,EYW,TPA,US-Southeast,US-Southeast
WN,FLL,ALB,US-Southeast,US-Northeast
WN,FLL,ATL,US-Southeast,US-Southeast
WN,FLL,AUS,US-Southeast,US-Texas
WN,FLL,BDL,US-Southeast,US-Northeast
WN,FLL,BNA,US-Southeast,US-Southeast
WN,FLL,BUF,US-Southeast,US-Northeast
WN,FLL,BWI,US-Southeast,US-Northeast
WN,FLL,CMH,US-Southeast,US-Midwest
WN,FLL,DEN,US-Southeast,US-West
WN,FLL,HOU,US-Southeast,US-Texas
WN,FLL,IND,US-Southeast,US-Midwest
WN,FLL,ISP,US-Southeast,US-Northeast
WN,FLL,JAX,US-Southeast,US-Southeast
WN,FLL,LAS,US-Southeast,US-West
WN,FLL,MCI,US-Southeast,US-Midwest
WN,FLL,MDW,US-Southeast,US-Midwest
WN,FLL,MKE,US-Southeast,US-Midwest
WN,FLL,MSY,US-Southeast,US-Southeast
WN,FLL,PHL,US-Southeast,US-Northeast
WN,FLL,PHX,US-Southeast,US-West
WN,FLL,PIT,US-Southeast,US-Northeast
WN,FLL,PVD,US-Southeast,US-Northeast
WN,FLL,RDU,US-Southeast,US-Southeast
WN,FLL,SJU,US-Southeast,Caribbean
WN,FLL,STL,US-Southeast,US-Midwest
WN,FLL,TPA,US-Southeast,US-Southeast
WN,FNT,BWI,US-Midwest,US-Northeast
WN,FNT,LAS,US-Midwest,US-West
WN,FNT,MCO,US-Midwest,US-Southeast
WN,FNT,TPA,US-Midwest,US-Southeast
WN,GEG,BOI,US-West,US-West
WN,GEG,DEN,US-West,US-West
WN,GEG,LAS,US-West,US-West
WN,GEG,OAK,US-West,US-West
WN,GEG,PHX,US-West,US-West
WN,GRR,BWI,US-Midwest,US-Northeast
WN,GRR,DEN,US-Midwest,US-West
WN,GRR,MCO,US-Midwest,US-Southeast
WN,GRR,STL,US-Midwest,US-Midwest
WN,GRR,TPA,US-Midwest,US-Southeast
WN,GSP,BNA,US-Southeast,US-Southeast
WN,GSP,BWI,US-Southeast,US-Northeast
WN,GSP,HOU,US-Southeast,US-Texas
WN,GSP,MDW,US-Southeast,US-Midwest
WN,HOU,ABQ,US-Texas,US-West
WN,HOU,ATL,US-Texas,US-Southeast
WN,HOU,AUS,US-Texas,US-Texas
WN,HOU,BHM,US-Texas,US-Southeast
WN,HOU,BKG,US-Texas,US-Midwest
WN,HOU,BNA,US-Texas,US-Southeast
WN,HOU,BOS,US-Texas,US-Northeast
WN,HOU,BWI,US-Texas,US-Northeast
WN,HOU,CHS,US-Texas,US-Southeast
WN,HOU,CLT,US-Texas,US-Southeast
WN,HOU,CRP,US-Texas,US-Texas
WN,HOU,DAL,US-Texas,US-Texas
WN,HOU,DCA,US-Texas,US-Northeast
WN,HOU,DEN,US-Texas,US-West
WN,HOU,ECP,US-Texas,US-Southeast
WN,HOU,ELP,US-Texas,US-Texas
WN,HOU,EWR,US-Texas,US-Northeast
WN,HOU,FLL,US-Texas,US-Southeast
WN,HOU,GSP,US-Texas,US-Southeast
WN,HOU,HRL,US-Texas,US-Texas
WN,HOU,IND,US-Texas,US-Midwest
WN,HOU,JAN,US-Texas,US-Southeast
WN,HOU,JAX,US-Texas,US-Southeast
WN,HOU,LAS,US-Texas,US-West
WN,HOU,LAX,US-Texas,US-West
WN,HOU,LGA,US-Texas,US-Northeast
WN,HOU,LIT,US-Texas,US-Midwest
WN,HOU,MAF,US-Texas,US-Texas
WN,HOU,MCI,US-Texas,US-Midwest
WN,HOU,MCO,US-Texas,US-Southeast
WN,HOU,MDW,US-Texas,US-Midwest
WN,HOU,MEM,US-Texas,US-Southeast
WN,HOU,MSY,US-Texas,US-Southeast
WN,HOU,OAK,US-Texas,US-West
WN,HOU,OKC,US-Texas,US-Midwest
WN,HOU,PHX,US-Texas,US-West
WN,HOU,PIT,US-Texas,US-Northeast
WN,HOU,PNS,US-Texas,US-Southeast
WN,HOU,RDU,US-Texas,US-Southeast
WN,HOU,SAN,US-Texas,US-West
WN,HOU,SAT,US-Texas,US-Texas
WN,HOU,SNA,US-Texas,US-West
WN,HOU,STL,US-Texas,US-Midwest
WN,HOU,TPA,US-Texas,US-Southeast
WN,HOU,TUL,US-Texas,US-Midwest
WN,HRL,AUS,US-Texas,US-Texas
WN,HRL,DAL,US-Texas,US-Texas
WN,HRL,HOU,US-Texas,US-Texas
WN,HRL,SAT,US-Texas,US-Texas
WN,IAD,DEN,US-Northeast,US-West
WN,IAD,MDW,US-Northeast,US-Midwest
WN,ICT,DAL,US-Midwest,US-Texas
WN,ICT,LAS,US-Midwest,US-West
WN,ICT,MDW,US-Midwest,US-Midwest
WN,IND,ATL,US-Midwest,US-Southeast
WN,IND,BWI,US-Midwest,US-Northeast
WN,IND,DEN,US-Midwest,US-West
WN,IND,FLL,US-Midwest,US-Southeast
WN,IND,HOU,US-Midwest,US-Texas
WN,IND,LAS,US-Midwest,US-West
WN,IND,MCI,US-Midwest,US-Midwest
WN,IND,MCO,US-Midwest,US-Southeast
WN,IND,PHX,US-Midwest,US-West
WN,IND,RSW,US-Midwest,US-Southeast
WN,IND,TPA,US-Midwest,US-Southeast
WN,ISP,BWI,US-Northeast,US-Northeast
WN,ISP,FLL,US-Northeast,US-Southeast
WN,ISP,MCO,US-Northeast,US-Southeast
WN,ISP,PBI,US-Northeast,US-Southeast
WN,ISP,TPA,US-Northeast,US-Southeast
WN,JAN,HOU,US-Southeast,US-Texas
WN,JAN,MCO,US-Southeast,US-Southeast
WN,JAN,MDW,US-Southeast,US-Midwest
WN,JAX,ATL,US-Southeast,US-Southeast
WN,JAX,BNA,US-Southeast,US-Southeast
WN,JAX,BWI,US-Southeast,US-Northeast
WN,JAX,DEN,US-Southeast,US-West
WN,JAX,FLL,US-Southeast,US-Southeast
WN,JAX,HOU,US-Southeast,US-Texas
WN,JAX,LAS,US-Southeast,US-West
WN,JAX,MDW,US-Southeast,US-Midwest
WN,LAS,ABQ,US-West,US-West
WN,LAS,ALB,US-West,US-Northeast
WN,LAS,AMA,US-West,US-Texas
WN,LAS,ATL,US-West,US-Southeast
WN,LAS,AUS,US-West,US-Texas
WN,LAS,BDL,US-West,US-Northeast
WN,LAS,BHM,US-West,US-Southeast
WN,LAS,BNA,US-West,US-Southeast
WN,LAS,BOI,US-West,US-West
WN,LAS,BUF,US-West,US-Northeast
WN,LAS,BUR,US-West,US-West
WN,LAS,BWI,US-West,US-Northeast
WN,LAS,CLE,US-West,US-Midwest
WN,LAS,CMH,US-West,US-Midwest
WN,LAS,DEN,US-West,US-West
WN,LAS,DSM,US-West,US-Midwest
WN,LAS,DTW,US-West,US-Midwest
WN,LAS,ELP,US-West,US-Texas
WN,LAS,FLL,US-West,US-Southeast
WN,LAS,FNT,US-West,US-Midwest
WN,LAS,GEG,US-West,US-West
WN,LAS,HOU,US-West,US-Texas
WN,LAS,ICT,US-West,US-Midwest
WN,LAS,IND,US-West,US-Midwest
WN,LAS,JAX,US-West,US-Southeast
WN,LAS,LAX,US-West,US-West
WN,LAS,LBB,US-West,US-Texas
WN,LAS,LIT,US-West,US-Midwest
WN,LAS,MAF,US-West,US-Texas
WN,LAS,MCI,US-West,US-Midwest
WN,LAS,MCO,US-West,US-Southeast
WN,LAS,MDW,US-West,US-Midwest
WN,LAS,MKE,US-West,US-Midwest
WN,LAS,MSY,US-West,US-Southeast
WN,LAS,OAK,US-West,US-West
WN,LAS,OKC,US-West,US-Midwest
WN,LAS,OMA,US-West,US-Midwest
WN,LAS,ONT,US-West,US-West
WN,LAS,PDX,US-West,US-West
WN,LAS,PHL,US-West,US-Northeast
WN,LAS,PHX,US-West,US-West
WN,LAS,PIT,US-West,US-Northeast
WN,LAS,RDU,US-West,US-Southeast
WN,LAS,RNO,US-West,US-West
WN,LAS,SAN,US-West,US-West
WN,LAS,SAT,US-West,US-Texas
WN,LAS,SDF,US-West,US-Southeast
WN,LAS,SEA,US-West,US-West
WN,LAS,SFO,US-West,US-West
WN,LAS,SJC,US-West,US-West
WN,LAS,SLC,US-West,US-West
WN,LAS,SMF,US-West,US-West
WN,LAS,SNA,US-West,US-West
WN,LAS,STL,US-West,US-Midwest
WN,LAS,TPA,US-West,US-Southeast
WN,LAS,TUL,US-West,US-Midwest
WN,LAS,TUS,US-West,US-West
WN,LAX,ABQ,US-West,US-West
WN,LAX,ATL,US-West,US-Southeast
WN,LAX,AUS,US-West,US-Texas
WN,LAX,BNA,US-West,US-Southeast
WN,LAX,BWI,US-West,US-Northeast
WN,LAX,DEN,US-West,US-West
WN,LAX,ELP,US-West,US-Texas
WN,LAX,HOU,US-West,US-Texas
WN,LAX,LAS,US-West,US-West
WN,LAX,MCI,US-West,US-Midwest
WN,LAX,MDW,US-West,US-Midwest
WN,LAX,MKE,US-West,US-Midwest
WN,LAX,MSY,US-West,US-Southeast
WN,LAX,OAK,US-West,US-West
WN,LAX,PHX,US-West,US-West
WN,LAX,RNO,US-West,US-West
WN,LAX,SAT,US-West,US-Texas
WN,LAX,SFO,US-West,US-West
WN,LAX,SJC,US-West,US-West
WN,LAX,SLC,US-West,US-West
WN,LAX,SMF,US-West,US-West
WN,LAX,STL,US-West,US-Midwest
WN,LAX,TUS,US-West,US-West
WN,LBB,AUS,US-Texas,US-Texas
WN,LBB,DAL,US-Texas,US-Texas
WN,LBB,LAS,US-Texas,US-West
WN,LGA,ATL,US-Northeast,US-Southeast
WN,LGA,BNA,US-Northeast,US-Southeast
WN,LGA,CAK,US-Northeast,US-Northeast
WN,LGA,DEN,US-Northeast,US-West
WN,LGA,HOU,US-Northeast,US-Texas
WN,LGA,MDW,US-Northeast,US-Midwest
WN,LGA,MKE,US-Northeast,US-Midwest
WN,LGA,STL,US-Northeast,US-Midwest
WN,LIT,BWI,US-Midwest,US-Northeast
WN,LIT,DAL,US-Midwest,US-Texas
WN,LIT,HOU,US-Midwest,US-Texas
WN,LIT,LAS,US-Midwest,US-West
WN,LIT,MDW,US-Midwest,US-Midwest
WN,LIT,PHX,US-Midwest,US-West
WN,MAF,DAL,US-Texas,US-Texas
WN,MAF,HOU,US-Texas,US-Texas
WN,MAF,LAS,US-Texas,US-West
WN,MBJ,ATL,Caribbean,US-Southeast
WN,MCI,ABQ,US-Midwest,US-West
WN,MCI,ATL,US-Midwest,US-Southeast
WN,MCI,BNA,US-Midwest,US-Southeast
WN,MCI,BOS,US-Midwest,US-Northeast
WN,MCI,BWI,US-Midwest,US-Northeast
WN,MCI,DAL,US-Midwest,US-Texas
WN,MCI,DCA,US-Midwest,US-Northeast
WN,MCI,DEN,US-Midwest,US-West
WN,MCI,FLL,US-Midwest,US-Southeast
WN,MCI,HOU,US-Midwest,US-Texas
WN,MCI,IND,US-Midwest,US-Midwest
WN,MCI,LAS,US-Midwest,US-West
WN,MCI,LAX,US-Midwest,US-West
WN,MCI,MCO,US-Midwest,US-Southeast
WN,MCI,MDW,US-Midwest,US-Midwest
WN,MCI,MKE,US-Midwest,US-Midwest
WN,MCI,MSP,US-Midwest,US-Midwest
WN,MCI,MSY,US-Midwest,US-Southeast
WN,MCI,OAK,US-Midwest,US-West
WN,MCI,PDX,US-Midwest,US-West
WN,MCI,PHX,US-Midwest,US-West
WN,MCI,SAN,US-Midwest,US-West
WN,MCI,STL,US-Midwest,US-Midwest
WN,MCI,TPA,US-Midwest,US-Southeast
WN,MCO,ALB,US-Southeast,US-Northeast
WN,MCO,ATL,US-Southeast,US-Southeast
WN,MCO,AUS,US-Southeast,US-Texas
WN,MCO,BDL,US-Southeast,US-Northeast
WN,MCO,BHM,US-Southeast,US-Southeast
WN,MCO,BNA,US-Southeast,US-Southeast
WN,MCO,BOS,US-Southeast,US-Northeast
WN,MCO,BUF,US-Southeast,US-Northeast
WN,MCO,BWI,US-Southeast,US-Northeast
WN,MCO,CAK,US-Southeast,US-Northeast
WN,MCO,CLT,US-Southeast,US-Southeast
WN,MCO,CMH,US-Southeast,US-Midwest
WN,MCO,DAY,US-Southeast,US-Midwest
WN,MCO,DEN,US-Southeast,US-West
WN,MCO,EYW,US-Southeast,US-Southeast
WN,MCO,FNT,US-Southeast,US-Midwest
WN,MCO,GRR,US-Southeast,US-Midwest
WN,MCO,HOU,US-Southeast,US-Texas
WN,MCO,IND,US-Southeast,US-Midwest
WN,MCO,ISP,US-Southeast,US-Northeast
WN,MCO,JAN,US-Southeast,US-Southeast
WN,MCO,LAS,US-Southeast,US-West
WN,MCO,MCI,US-Southeast,US-Midwest
WN,MCO,MDW,US-Southeast,US-Midwest
WN,MCO,MEM,US-Southeast,US-Southeast
WN,MCO,MHT,US-Southeast,US-Northeast
WN,MCO,MKE,US-Southeast,US-Midwest
WN,MCO,MSP,US-Southeast,US-Midwest
WN,MCO,MSY,US-Southeast,US-Southeast
WN,MCO,ORF,US-Southeast,US-Northeast
WN,MCO,PHL,US-Southeast,US-Northeast
WN,MCO,PHX,US-Southeast,US-West
WN,MCO,PIT,US-Southeast,US-Northeast
WN,MCO,PVD,US-Southeast,US-Northeast
WN,MCO,RDU,US-Southeast,US-Southeast
WN,MCO,RIC,US-Southeast,US-Northeast
WN,MCO,ROC,US-Southeast,US-Northeast
WN,MCO,SAT,US-Southeast,US-Texas
WN,MCO,SDF,US-Southeast,US-Southeast
WN,MCO,SJU,US-Southeast,Caribbean
WN,MCO,STL,US-Southeast,US-Midwest
WN,MDW,ABQ,US-Midwest,US-West
WN,MDW,ALB,US-Midwest,US-Northeast
WN,MDW,ATL,US-Midwest,US-Southeast
WN,MDW,AUS,US-Midwest,US-Texas
WN,MDW,BDL,US-Midwest,US-Northeast
WN,MDW,BHM,US-Midwest,US-Southeast
WN,MDW,BKG,US-Midwest,US-Midwest
WN,MDW,BNA,US-Midwest,US-Southeast
WN,MDW,BOS,US-Midwest,US-Northeast
WN,MDW,BUF,US-Midwest,US-Northeast
WN,MDW,BWI,US-Midwest,US-Northeast
WN,MDW,CHS,US-Midwest,US-Southeast
WN,MDW,CLE,US-Midwest,US-Midwest
WN,MDW,CLT,US-Midwest,US-Southeast
WN,MDW,CMH,US-Midwest,US-Midwest
WN,MDW,DEN,US-Midwest,US-West
WN,MDW,DSM,US-Midwest,US-Midwest
WN,MDW,DTW,US-Midwest,US-Midwest
WN,MDW,EWR,US-Midwest,US-Northeast
WN,MDW,FLL,US-Midwest,US-Southeast
WN,MDW,GSP,US-Midwest,US-Southeast
WN,MDW,HOU,US-Midwest,US-Texas
WN,MDW,IAD,US-Midwest,US-Northeast
WN,MDW,ICT,US-Midwest,US-Midwest
WN,MDW,JAN,US-Midwest,US-Southeast
WN,MDW,JAX,US-Midwest,US-Southeast
WN,MDW,LAS,US-Midwest,US-West
WN,MDW,LAX,US-Midwest,US-West
WN,MDW,LGA,US-Midwest,US-Northeast
WN,MDW,LIT,US-Midwest,US-Midwest
WN,MDW,MCI,US-Midwest,US-Midwest
WN,MDW,MCO,US-Midwest,US-Southeast
WN,MDW,MEM,US-Midwest,US-Southeast
WN,MDW,MHT,US-Midwest,US-Northeast
WN,MDW,MSP,US-Midwest,US-Midwest
WN,MDW,MSY,US-Midwest,US-Southeast
WN,MDW,OAK,US-Midwest,US-West
WN,MDW,OKC,US-Midwest,US-Midwest
WN,MDW,OMA,US-Midwest,US-Midwest
WN,MDW,ONT,US-Midwest,US-West
WN,MDW,ORF,US-Midwest,US-Northeast
WN,MDW,PDX,US-Midwest,US-West
WN,MDW,PHL,US-Midwest,US-Northeast
WN,MDW,PHX,US-Midwest,US-West
WN,MDW,PIT,US-Midwest,US-Northeast
WN,MDW,PVD,US-Midwest,US-Northeast
WN,MDW,RDU,US-Midwest,US-Southeast
WN,MDW,RNO,US-Midwest,US-West
WN,MDW,ROC,US-Midwest,US-Northeast
WN,MDW,RSW,US-Midwest,US-Southeast
WN,MDW,SAN,US-Midwest,US-West
WN,MDW,SAT,US-Midwest,US-Texas
WN,MDW,SDF,US-Midwest,US-Southeast
WN,MDW,SEA,US-Midwest,US-West
WN,MDW,SFO,US-Midwest,US-West
WN,MDW,SJC,US-Midwest,US-West
WN,MDW,SLC,US-Midwest,US-West
WN,MDW,SMF,US-Midwest,US-West
WN,MDW,STL,US-Midwest,US-Midwest
WN,MDW,TPA,US-Midwest,US-Southeast
WN,MDW,TUL,US-Midwest,US-Midwest
WN,MDW,TUS,US-Midwest,US-West
WN,MEM,BWI,US-Southeast,US-Northeast
WN,MEM,HOU,US-Southeast,US-Texas
WN,MEM,MCO,US-Southeast,US-Southeast
WN,MEM,MDW,US-Southeast,US-Midwest
WN,MEM,TPA,US-Southeast,US-Southeast
WN,MHT,BWI,US-Northeast,US-Northeast
WN,MHT,MCO,US-Northeast,US-Southeast
WN,MHT,MDW,US-Northeast,US-Midwest
WN,MHT,TPA,US-Northeast,US-Southeast
WN,MKE,ATL,US-Midwest,US-Southeast
WN,MKE,BOS,US-Midwest,US-Northeast
WN,MKE,BWI,US-Midwest,US-Northeast
WN,MKE,DCA,US-Midwest,US-Northeast
WN,MKE,DEN,US-Midwest,US-West
WN,MKE,FLL,US-Midwest,US-Southeast
WN,MKE,LAS,US-Midwest,US-West
WN,MKE,LAX,US-Midwest,US-West
WN,MKE,LGA,US-Midwest,US-Northeast
WN,MKE,MCI,US-Midwest,US-Midwest
WN,MKE,MCO,US-Midwest,US-Southeast
WN,MKE,MSP,US-Midwest,US-Midwest
WN,MKE,MSY,US-Midwest,US-Southeast
WN,MKE,PHX,US-Midwest,US-West
WN,MKE,RSW,US-Midwest,US-Southeast
WN,MKE,SEA,US-Midwest,US-West
WN,MKE,SFO,US-Midwest,US-West
WN,MKE,STL,US-Midwest,US-Midwest
WN,MKE,TPA,US-Midwest,US-Southeast
WN,MSP,ATL,US-Midwest,US-Southeast
WN,MSP,DEN,US-Midwest,US-West
WN,MSP,MCI,US-Midwest,US-Midwest
WN,MSP,MCO,US-Midwest,US-Southeast
WN,MSP,MDW,US-Midwest,US-Midwest
WN,MSP,MKE,US-Midwest,US-Midwest
WN,MSP,PHX,US-Midwest,US-West
WN,MSP,STL,US-Midwest,US-Midwest
WN,MSY,ATL,US-Southeast,US-Southeast
WN,MSY,AUS,US-Southeast,US-Texas
WN,MSY,BNA,US-Southeast,US-Southeast
WN,MSY,BWI,US-Southeast,US-Northeast
WN,MSY,DAL,US-Southeast,US-Texas
WN,MSY,DEN,US-Southeast,US-West
WN,MSY,EWR,US-Southeast,US-Northeast
WN,MSY,EYW,US-Southeast,US-Southeast
WN,MSY,FLL,US-Southeast,US-Southeast
WN,MSY,HOU,US-Southeast,US-Texas
WN,MSY,LAS,US-Southeast,US-West
WN,MSY,LAX,US-Southeast,US-West
WN,MSY,MCI,US-Southeast,US-Midwest
WN,MSY,MCO,US-Southeast,US-Southeast
WN,MSY,MDW,US-Southeast,US-Midwest
WN,MSY,MKE,US-Southeast,US-Midwest
WN,MSY,PHX,US-Southeast,US-West
WN,MSY,SAN,US-Southeast,US-West
WN,MSY,STL,US-Southeast,US-Midwest
WN,MSY,TPA,US-Southeast,US-Southeast
WN,NAS,ATL,Caribbean,US-Southeast
WN,OAK,ABQ,US-West,US-West
WN,OAK,AUS,US-West,US-Texas
WN,OAK,BOI,US-West,US-West
WN,OAK,BUR,US-West,US-West
WN,OAK,DEN,US-West,US-West
WN,OAK,GEG,US-West,US-West
WN,OAK,HOU,US-West,US-Texas
WN,OAK,LAS,US-West,US-West
WN,OAK,LAX,US-West,US-West
WN,OAK,MCI,US-West,US-Midwest
WN,OAK,MDW,US-West,US-Midwest
WN,OAK,ONT,US-West,US-West
WN,OAK,PDX,US-West,US-West
WN,OAK,PHX,US-West,US-West
WN,OAK,SAN,US-West,US-West
WN,OAK,SEA,US-West,US-West
WN,OAK,SLC,US-West,US-West
WN,OAK,SNA,US-West,US-West
WN,OKC,ATL,US-Midwest,US-Southeast
WN,OKC,BWI,US-Midwest,US-Northeast
WN,OKC,DAL,US-Midwest,US-Texas
WN,OKC,DEN,US-Midwest,US-West
WN,OKC,HOU,US-Midwest,US-Texas
WN,OKC,LAS,US-Midwest,US-West
WN,OKC,MDW,US-Midwest,US-Midwest
WN,OKC,PHX,US-Midwest,US-West
WN,OKC,STL,US-Midwest,US-Midwest
WN,OMA,DEN,US-Midwest,US-West
WN,OMA,LAS,US-Midwest,US-West
WN,OMA,MDW,US-Midwest,US-Midwest
WN,OMA,PHX,US-Midwest,US-West
WN,OMA,STL,US-Midwest,US-Midwest
WN,ONT,DEN,US-West,US-West
WN,ONT,LAS,US-West,US-West
WN,ONT,MDW,US-West,US-Midwest
WN,ONT,OAK,US-West,US-West
WN,ONT,PHX,US-West,US-West
WN,ONT,SJC,US-West,US-West
WN,ONT,SMF,US-West,US-West
WN,ORF,ATL,US-Northeast,US-Southeast
WN,ORF,BWI,US-Northeast,US-Northeast
WN,ORF,MCO,US-Northeast,US-Southeast
WN,ORF,MDW,US-Northeast,US-Midwest
WN,PBI,ATL,US-Southeast,US-Southeast
WN,PBI,BWI,US-Southeast,US-Northeast
WN,PBI,ISP,US-Southeast,US-Northeast
WN,PDX,ABQ,US-West,US-West
WN,PDX,DEN,US-West,US-West
WN,PDX,LAS,US-West,US-West
WN,PDX,MCI,US-West,US-Midwest
WN,PDX,MDW,US-West,US-Midwest
WN,PDX,OAK,US-West,US-West
WN,PDX,PHX,US-West,US-West
WN,PDX,RNO,US-West,US-West
WN,PDX,SJC,US-West,US-West
WN,PDX,SLC,US-West,US-West
WN,PDX,SMF,US-West,US-West
WN,PHL,ATL,US-Northeast,US-Southeast
WN,PHL,BNA,US-Northeast,US-Southeast
WN,PHL,DEN,US-Northeast,US-West
WN,PHL,FLL,US-Northeast,US-Southeast
WN,PHL,LAS,US-Northeast,US-West
WN,PHL,MCO,US-Northeast,US-Southeast
WN,PHL,MDW,US-Northeast,US-Midwest
WN,PHL,PHX,US-Northeast,US-West
WN,PHL,RSW,US-Northeast,US-Southeast
WN,PHL,STL,US-Northeast,US-Midwest
WN,PHL,TPA,US-Northeast,US-Southeast
WN,PHX,ABQ,US-West,US-West
WN,PHX,ATL,US-West,US-Southeast
WN,PHX,AUS,US-West,US-Texas
WN,PHX,BNA,US-West,US-Southeast
WN,PHX,BOI,US-West,US-West
WN,PHX,BUF,US-West,US-Northeast
WN,PHX,BUR,US-West,US-West
WN,PHX,BWI,US-West,US-Northeast
WN,PHX,CMH,US-West,US-Midwest
WN,PHX,DEN,US-West,US-West
WN,PHX,DTW,US-West,US-Midwest
WN,PHX,ELP,US-West,US-Texas
WN,PHX,EWR,US-West,US-Northeast
WN,PHX,FLL,US-West,US-Southeast
WN,PHX,GEG,US-West,US-West
WN,PHX,HOU,US-West,US-Texas
WN,PHX,IND,US-West,US-Midwest
WN,PHX,LAS,US-West,US-West
WN,PHX,LAX,US-West,US-West
WN,PHX,LIT,US-West,US-Midwest
WN,PHX,MCI,US-West,US-Midwest
WN,PHX,MCO,US-West,US-Southeast
WN,PHX,MDW,US-West,US-Midwest
WN,PHX,MKE,US-West,US-Midwest
WN,PHX,MSP,US-West,US-Midwest
WN,PHX,MSY,US-West,US-Southeast
WN,PHX,OAK,US-West,US-West
WN,PHX,OKC,US-West,US-Midwest
WN,PHX,OMA,US-West,US-Midwest
WN,PHX,ONT,US-West,US-West
WN,PHX,PDX,US-West,US-West
WN,PHX,PHL,US-West,US-Northeast
WN,PHX,PIT,US-West,US-Northeast
WN,PHX,RDU,US-West,US-Southeast
WN,PHX,RNO,US-West,US-West
WN,PHX,SAN,US-West,US-West
WN,PHX,SAT,US-West,US-Texas
WN,PHX,SDF,US-West,US-Southeast
WN,PHX,SEA,US-West,US-West
WN,PHX,SFO,US-West,US-West
WN,PHX,SJC,US-West,US-West
WN,PHX,SLC,US-West,US-West
WN,PHX,SMF,US-West,US-West
WN,PHX,SNA,US-West,US-West
WN,PHX,STL,US-West,US-Midwest
WN,PHX,TPA,US-West,US-Southeast
WN,PHX,TUL,US-West,US-Midwest
WN,PIT,ATL,US-Northeast,US-Southeast
WN,PIT,BNA,US-Northeast,US-Southeast
WN,PIT,BWI,US-Northeast,US-Northeast
WN,PIT,DEN,US-Northeast,US-West
WN,PIT,DFW,US-Northeast,US-Texas
WN,PIT,FLL,US-Northeast,US-Southeast
WN,PIT,HOU,US-Northeast,US-Texas
WN,PIT,LAS,US-Northeast,US-West
WN,PIT,MCO,US-Northeast,US-Southeast
WN,PIT,MDW,US-Northeast,US-Midwest
WN,PIT,PHX,US-Northeast,US-West
WN,PIT,RSW,US-Northeast,US-Southeast
WN,PIT,TPA,US-Northeast,US-Southeast
WN,PNS,BNA,US-Southeast,US-Southeast
WN,PNS,HOU,US-Southeast,US-Texas
WN,PUJ,ATL,Caribbean,US-Southeast
WN,PVD,BWI,US-Northeast,US-Northeast
WN,PVD,FLL,US-Northeast,US-Southeast
WN,PVD,MCO,US-Northeast,US-Southeast
WN,PVD,MDW,US-Northeast,US-Midwest
WN,PVD,RSW,US-Northeast,US-Southeast
WN,PVD,TPA,US-Northeast,US-Southeast
WN,RDU,ATL,US-Southeast,US-Southeast
WN,RDU,BNA,US-Southeast,US-Southeast
WN,RDU,BWI,US-Southeast,US-Northeast
WN,RDU,DEN,US-Southeast,US-West
WN,RDU,FLL,US-Southeast,US-Southeast
WN,RDU,HOU,US-Southeast,US-Texas
WN,RDU,LAS,US-Southeast,US-West
WN,RDU,MCO,US-Southeast,US-Southeast
WN,RDU,MDW,US-Southeast,US-Midwest
WN,RDU,PHX,US-Southeast,US-West
WN,RDU,STL,US-Southeast,US-Midwest
WN,RDU,TPA,US-Southeast,US-Southeast
WN,RIC,ATL,US-Northeast,US-Southeast
WN,RIC,MCO,US-Northeast,US-Southeast
WN,RNO,DEN,US-West,US-West
WN,RNO,LAS,US-West,US-West
WN,RNO,LAX,US-West,US-West
WN,RNO,MDW,US-West,US-Midwest
WN,RNO,PDX,US-West,US-West
WN,RNO,PHX,US-West,US-West
WN,RNO,SAN,US-West,US-West
WN,RNO,SEA,US-West,US-West
WN,ROC,BWI,US-Northeast,US-Northeast
WN,ROC,MCO,US-Northeast,US-Southeast
WN,ROC,MDW,US-Northeast,US-Midwest
WN,ROC,TPA,US-Northeast,US-Southeast
WN,RSW,ATL,US-Southeast,US-Southeast
WN,RSW,BDL,US-Southeast,US-Northeast
WN,RSW,BWI,US-Southeast,US-Northeast
WN,RSW,CMH,US-Southeast,US-Midwest
WN,RSW,DCA,US-Southeast,US-Northeast
WN,RSW,IND,US-Southeast,US-Midwest
WN,RSW,MDW,US-Southeast,US-Midwest
WN,RSW,MKE,US-Southeast,US-Midwest
WN,RSW,PHL,US-Southeast,US-Northeast
WN,RSW,PIT,US-Southeast,US-Northeast
WN,RSW,PVD,US-Southeast,US-Northeast
WN,RSW,STL,US-Southeast,US-Midwest
WN,SAN,ABQ,US-West,US-West
WN,SAN,ATL,US-West,US-Southeast
WN,SAN,AUS,US-West,US-Texas
WN,SAN,BNA,US-West,US-Southeast
WN,SAN,BWI,US-West,US-Northeast
WN,SAN,DEN,US-West,US-West
WN,SAN,HOU,US-West,US-Texas
WN,SAN,LAS,US-West,US-West
WN,SAN,MCI,US-West,US-Midwest
WN,SAN,MDW,US-West,US-Midwest
WN,SAN,MSY,US-West,US-Southeast
WN,SAN,OAK,US-West,US-West
WN,SAN,PHX,US-West,US-West
WN,SAN,RNO,US-West,US-West
WN,SAN,SAT,US-West,US-Texas
WN,SAN,SFO,US-West,US-West
WN,SAN,SJC,US-West,US-West
WN,SAN,SMF,US-West,US-West
WN,SAN,STL,US-West,US-Midwest
WN,SAN,TUS,US-West,US-West
WN,SAT,ATL,US-Texas,US-Southeast
WN,SAT,BNA,US-Texas,US-Southeast
WN,SAT,BWI,US-Texas,US-Northeast
WN,SAT,DAL,US-Texas,US-Texas
WN,SAT,DEN,US-Texas,US-West
WN,SAT,ELP,US-Texas,US-Texas
WN,SAT,HOU,US-Texas,US-Texas
WN,SAT,HRL,US-Texas,US-Texas
WN,SAT,LAS,US-Texas,US-West
WN,SAT,LAX,US-Texas,US-West
WN,SAT,MCO,US-Texas,US-Southeast
WN,SAT,MDW,US-Texas,US-Midwest
WN,SAT,PHX,US-Texas,US-West
WN,SAT,SAN,US-Texas,US-West
WN,SAT,STL,US-Texas,US-Midwest
WN,SAT,TPA,US-Texas,US-Southeast
WN,SDF,ATL,US-Southeast,US-Southeast
WN,SDF,BWI,US-Southeast,US-Northeast
WN,SDF,DEN,US-Southeast,US-West
WN,SDF,LAS,US-Southeast,US-West
WN,SDF,MCO,US-Southeast,US-Southeast
WN,SDF,MDW,US-Southeast,US-Midwest
WN,SDF,PHX,US-Southeast,US-West
WN,SDF,TPA,US-Southeast,US-Southeast
WN,SEA,ABQ,US-West,US-West
WN,SEA,BWI,US-West,US-Northeast
WN,SEA,DEN,US-West,US-West
WN,SEA,LAS,US-West,US-West
WN,SEA,MDW,US-West,US-Midwest
WN,SEA,MKE,US-West,US-Midwest
WN,SEA,OAK,US-West,US-West
WN,SEA,PHX,US-West,US-West
WN,SEA,RNO,US-West,US-West
WN,SEA,SJC,US-West,US-West
WN,SEA,SLC,US-West,US-West
WN,SEA,SMF,US-West,US-West
WN,SFO,ATL,US-West,US-Southeast
WN,SFO,DEN,US-West,US-West
WN,SFO,LAS,US-West,US-West
WN,SFO,LAX,US-West,US-West
WN,SFO,MDW,US-West,US-Midwest
WN,SFO,MKE,US-West,US-Midwest
WN,SFO,PHX,US-West,US-West
WN,SFO,SAN,US-West,US-West
WN,SFO,SNA,US-West,US-West
WN,SJC,AUS,US-West,US-Texas
WN,SJC,BUR,US-West,US-West
WN,SJC,DEN,US-West,US-West
WN,SJC,LAS,US-West,US-West
WN,SJC,LAX,US-West,US-West
WN,SJC,MDW,US-West,US-Midwest
WN,SJC,ONT,US-West,US-West
WN,SJC,PDX,US-West,US-West
WN,SJC,PHX,US-West,US-West
WN,SJC,SAN,US-West,US-West
WN,SJC,SEA,US-West,US-West
WN,SJC,SNA,US-West,US-West
WN,SJU,ATL,Caribbean,US-Southeast
WN,SJU,BWI,Caribbean,US-Northeast
WN,SJU,FLL,Caribbean,US-Southeast
WN,SJU,MCO,Caribbean,US-Southeast
WN,SJU,TPA,Caribbean,US-Southeast
WN,SLC,BWI,US-West,US-Northeast
WN,SLC,DEN,US-West,US-West
WN,SLC,LAS,US-West,US-West
WN,SLC,LAX,US-West,US-West
WN,SLC,MDW,US-West,US-Midwest
WN,SLC,OAK,US-West,US-West
WN,SLC,PDX,US-West,US-West
WN,SLC,PHX,US-West,US-West
WN,SLC,SEA,US-West,US-West
WN,SMF,BUR,US-West,US-West
WN,SMF,DEN,US-West,US-West
WN,SMF,LAS,US-West,US-West
WN,SMF,LAX,US-West,US-West
WN,SMF,MDW,US-West,US-Midwest
WN,SMF,ONT,US-West,US-West
WN,SMF,PDX,US-West,US-West
WN,SMF,PHX,US-West,US-West
WN,SMF,SAN,US-West,US-West
WN,SMF,SEA,US-West,US-West
WN,SMF,SNA,US-West,US-West
WN,SNA,DEN,US-West,US-West
WN,SNA,HOU,US-West,US-Texas
WN,SNA,LAS,US-West,US-West
WN,SNA,OAK,US-West,US-West
WN,SNA,PHX,US-West,US-West
WN,SNA,SFO,US-West,US-West
WN,SNA,SJC,US-West,US-West
WN,SNA,SMF,US-West,US-West
WN,STL,ATL,US-Midwest,US-Southeast
WN,STL,BNA,US-Midwest,US-Southeast
WN,STL,BOS,US-Midwest,US-Northeast
WN,STL,BWI,US-Midwest,US-Northeast
WN,STL,CMH,US-Midwest,US-Midwest
WN,STL,DAL,US-Midwest,US-Texas
WN,STL,DCA,US-Midwest,US-Northeast
WN,STL,DEN,US-Midwest,US-West
WN,STL,DTW,US-Midwest,US-Midwest
WN,STL,ECP,US-Midwest,US-Southeast
WN,STL,EWR,US-Midwest,US-Northeast
WN,STL,FLL,US-Midwest,US-Southeast
WN,STL,GRR,US-Midwest,US-Midwest
WN,STL,HOU,US-Midwest,US-Texas
WN,STL,LAS,US-Midwest,US-West
WN,STL,LAX,US-Midwest,US-West
WN,STL,LGA,US-Midwest,US-Northeast
WN,STL,MCI,US-Midwest,US-Midwest
WN,STL,MCO,US-Midwest,US-Southeast
WN,STL,MDW,US-Midwest,US-Midwest
WN,STL,MKE,US-Midwest,US-Midwest
WN,STL,MSP,US-Midwest,US-Midwest
WN,STL,MSY,US-Midwest,US-Southeast
WN,STL,OKC,US-Midwest,US-Midwest
WN,STL,OMA,US-Midwest,US-Midwest
WN,STL,PHL,US-Midwest,US-Northeast
WN,STL,PHX,US-Midwest,US-West
WN,STL,RDU,US-Midwest,US-Southeast
WN,STL,RSW,US-Midwest,US-Southeast
WN,STL,SAN,US-Midwest,US-West
WN,STL,SAT,US-Midwest,US-Texas
WN,STL,TPA,US-Midwest,US-Southeast
WN,STL,TUL,US-Midwest,US-Midwest
WN,TPA,ALB,US-Southeast,US-Northeast
WN,TPA,ATL,US-Southeast,US-Southeast
WN,TPA,AUS,US-Southeast,US-Texas
WN,TPA,BDL,US-Southeast,US-Northeast
WN,TPA,BHM,US-Southeast,US-Southeast
WN,TPA,BNA,US-Southeast,US-Southeast
WN,TPA,BUF,US-Southeast,US-Northeast
WN,TPA,BWI,US-Southeast,US-Northeast
WN,TPA,CAK,US-Southeast,US-Northeast
WN,TPA,CMH,US-Southeast,US-Midwest
WN,TPA,DAY,US-Southeast,US-Midwest
WN,TPA,DEN,US-Southeast,US-West
WN,TPA,EYW,US-Southeast,US-Southeast
WN,TPA,FLL,US-Southeast,US-Southeast
WN,TPA,FNT,US-Southeast,US-Midwest
WN,TPA,GRR,US-Southeast,US-Midwest
WN,TPA,HOU,US-Southeast,US-Texas
WN,TPA,IND,US-Southeast,US-Midwest
WN,TPA,ISP,US-Southeast,US-Northeast
WN,TPA,LAS,US-Southeast,US-West
WN,TPA,MCI,US-Southeast,US-Midwest
WN,TPA,MDW,US-Southeast,US-Midwest
WN,TPA,MEM,US-Southeast,US-Southeast
WN,TPA,MHT,US-Southeast,US-Northeast
WN,TPA,MKE,US-Southeast,US-Midwest
WN,TPA,MSY,US-Southeast,US-Southeast
WN,TPA,PHL,US-Southeast,US-Northeast
WN,TPA,PHX,US-Southeast,US-West
WN,TPA,PIT,US-Southeast,US-Northeast
WN,TPA,PVD,US-Southeast,US-Northeast
WN,TPA,RDU,US-Southeast,US-Southeast
WN,TPA,ROC,US-Southeast,US-Northeast
WN,TPA,SAT,US-Southeast,US-Texas
WN,TPA,SDF,US-Southeast,US-Southeast
WN,TPA,SJU,US-Southeast,Caribbean
WN,TPA,STL,US-Southeast,US-Midwest
WN,TUL,DAL,US-Midwest,US-Texas
WN,TUL,DEN,US-Midwest,US-West
WN,TUL,HOU,US-Midwest,US-Texas
WN,TUL,LAS,US-Midwest,US-West
WN,TUL,MDW,US-Midwest,US-Midwest
WN,TUL,PHX,US-Midwest,US-West
WN,TUL,STL,US-Midwest,US-Midwest
WN,TUS,DEN,US-West,US-West
WN,TUS,LAS,US-West,US-West
WN,TUS,LAX,US-West,US-West
WN,TUS,MDW,US-West,US-Midwest
WN,TUS,SAN,US-West,US-West
